ir1,ir2,ir1filt,ir2filt
92599,84215,-21174,-20689
92609,84194,-31801,-30567
92624,84204,-42259,-40071
92658,84223,-51615,-48420
92672,84239,-59298,-55151
92701,84249,-65032,-60061
92728,84270,-68767,-63140
92737,84279,-70611,-64514
92736,84290,-70780,-64398
92756,84286,-69546,-63049
92775,84301,-67206,-60740
92787,84264,-64048,-57732
92791,84254,-60338,-54262
92806,84261,-56304,-50533
92800,84266,-52136,-46711
92811,84276,-47979,-42922
92814,84301,-43940,-39260
92844,84291,-40089,-35784
92838,84286,-36469,-32525
92827,84272,-33098,-29496
92838,84274,-29973,-26693
92857,84253,-27085,-24102
92857,84252,-24411,-21703
92844,84250,-21928,-19472
92867,84259,-19609,-17387
92838,84250,-17429,-15425
92841,84257,-15366,-13568
92852,84238,-13400,-11797
92863,84247,-11517,-10099
92847,84254,-9704,-8464
92856,84267,-7953,-6885
92878,84252,-6258,-5357
92869,84271,-4616,-3876
92881,84269,-3026,-2442
92883,84298,-1486,-1055
92867,84297,3,284
92871,84302,1441,1577
92885,84299,2828,2820
92872,84294,4161,4015
92890,84279,5439,5162
92900,84292,6661,6259
92927,84303,7826,7306
92936,84294,8933,8303
92936,84291,9983,9250
92953,84283,10976,10147
92969,84286,11914,10996
92988,84298,12797,11797
92990,84291,13627,12550
92989,84285,14405,13256
92989,84322,15134,13917
92983,84336,15816,14533
93008,84344,16453,15103
93019,84349,17045,15630
93027,84364,17592,16116
93081,84369,18095,16562
93110,84388,18555,16969
93137,84422,18970,17339
93169,84415,19344,17672
93169,84431,19678,17970
93185,84455,19975,18235
93199,84458,20236,18468
93194,84482,20464,18670
93210,84488,20661,18843
93210,84491,20829,18987
93203,84485,20968,19104
93157,84466,21082,19198
93126,84438,21172,19269
93095,84422,21240,19319
93103,84412,21288,19350
93087,84374,21313,19362
93114,84342,21315,19356
93089,84327,21293,19332
93098,84341,21247,19290
93077,84352,21178,19229
93073,84372,21087,19146
93052,84387,20975,19041
93073,84405,20843,18914
93100,84412,20690,18767
93122,84417,20517,18600
93126,84405,20324,18416
93139,84405,20111,18217
93135,84377,19882,18005
93124,84406,19639,17783
93131,84392,19383,17551
93129,84408,19116,17308
93133,84396,18839,17057
93165,84389,18552,16797
93197,84375,18255,16530
93211,84359,17948,16257
93228,84348,17630,15979
93235,84342,17305,15697
93207,84339,16972,15410
93209,84345,16636,15118
93186,84307,16298,14821
93187,84303,15958,14521
93159,84278,15617,14217
93137,84275,15277,13912
93126,84292,14937,13603
93106,84282,14598,13291
93096,84268,14259,12975
93106,84267,13920,12657
93088,84247,13579,12337
93109,84237,13236,12017
93074,84226,12890,11696
93093,84219,12544,11375
93070,84230,12196,11055
93063,84207,11847,10734
93062,84212,11499,10415
93078,84216,11152,10096
93069,84217,10804,9777
93096,84227,10456,9460
93079,84227,10109,9143
93072,84257,9764,8827
93085,84232,9421,8512
93077,84248,9081,8199
93066,84222,8745,7889
93079,84219,8413,7584
93090,84233,8085,7284
93117,84250,7761,6988
93127,84239,7439,6696
93147,84248,7120,6409
93153,84247,6804,6126
93175,84222,6492,5847
93169,84234,6184,5575
93182,84220,5882,5309
93175,84227,5585,5049
93188,84246,5296,4794
93197,84245,5013,4544
93222,84281,4736,4297
93241,84279,4465,4054
93273,84297,4199,3814
93305,84297,3938,3578
93322,84288,3680,3347
93325,84286,3427,3121
93332,84289,3180,2903
93316,84267,2941,2692
93316,84261,2710,2488
93293,84268,2489,2292
93304,84275,2278,2103
93287,84281,2077,1920
93317,84310,1884,1742
93331,84297,1698,1567
93344,84321,1517,1397
93390,84374,1340,1231
93433,84428,1166,1065
93477,84466,993,900
93503,84494,820,734
93558,84538,649,570
93591,84597,479,408
93635,84640,312,247
93727,84652,147,90
93764,84679,-16,-62
93803,84682,-176,-207
93831,84696,-332,-344
93876,84701,-482,-471
93901,84729,-625,-589
93953,84752,-759,-697
93978,84775,-886,-798
94012,84789,-1005,-892
94046,84806,-1115,-980
94082,84813,-1218,-1061
94126,84838,-1313,-1136
94131,84877,-1402,-1206
94118,84914,-1482,-1273
94150,84938,-1554,-1337
94148,84921,-1617,-1399
94150,84924,-1671,-1455
94153,84918,-1717,-1506
94192,84892,-1757,-1549
94226,84894,-1791,-1585
94226,84888,-1822,-1613
94262,84911,-1850,-1636
94230,84924,-1875,-1654
94251,84904,-1896,-1670
94247,84890,-1912,-1682
94262,84862,-1925,-1689
94273,84848,-1934,-1692
94271,84825,-1939,-1689
94295,84798,-1943,-1683
94319,84779,-1944,-1671
94316,84767,-1943,-1656
94344,84735,-1942,-1638
94339,84765,-1939,-1619
94373,84756,-1934,-1599
94335,84742,-1928,-1580
94338,84752,-1918,-1562
94339,84724,-1905,-1546
94307,84714,-1887,-1529
94293,84706,-1865,-1512
94304,84692,-1838,-1494
94309,84683,-1809,-1476
94304,84674,-1777,-1456
94296,84680,-1745,-1437
94303,84677,-1712,-1417
94310,84696,-1678,-1397
94313,84678,-1645,-1379
94307,84676,-1613,-1361
94301,84673,-1581,-1343
94270,84673,-1548,-1325
94263,84667,-1514,-1306
94236,84663,-1477,-1287
94232,84645,-1438,-1266
94195,84608,-1398,-1244
94165,84581,-1354,-1218
94127,84559,-1308,-1189
94085,84551,-1259,-1157
94010,84545,-1205,-1122
93965,84506,-1147,-1087
93911,84482,-1085,-1050
93878,84448,-1020,-1012
93825,84448,-952,-972
93817,84447,-885,-933
93788,84442,-820,-896
93797,84460,-759,-861
93751,84478,-703,-831
93767,84488,-652,-806
93762,84516,-608,-785
93785,84518,-571,-770
93773,84488,-541,-757
93772,84477,-517,-746
93774,84451,-498,-733
93776,84432,-483,-717
93758,84437,-470,-698
93769,84452,-459,-678
93760,84481,-448,-657
93766,84511,-438,-639
93776,84506,-429,-623
93765,84483,-419,-609
93747,84493,-409,-596
93055,83556,-386,-566
93037,83551,-332,-496
93069,83546,-249,-388
93057,83557,-153,-261
93085,83552,-57,-133
93085,83566,30,-13
93115,83566,104,89
93102,83582,161,171
93115,83565,202,232
93102,83563,226,273
93132,83549,238,296
93135,83570,237,304
93135,83570,227,300
93146,83570,210,286
93156,83579,188,265
93176,83570,163,239
93186,83578,135,212
93208,83556,107,184
93203,83552,79,157
93220,83568,52,133
93240,83542,27,112
93216,83563,3,93
93259,83554,-16,76
93238,83561,-35,62
93248,83557,-50,49
93250,83542,-63,37
93263,83537,-74,28
93234,83553,-82,20
93251,83548,-88,12
93236,83554,-92,5
93224,83541,-93,-1
93215,83533,-92,-8
93172,83502,-89,-13
93123,83488,-82,-17
93097,83469,-70,-18
93042,83438,-53,-16
92997,83419,-32,-12
92981,83411,-7,-5
92957,83415,19,1
92952,83388,46,8
92925,83389,71,14
92928,83401,93,19
92942,83424,111,21
92904,83422,124,20
92926,83427,133,15
92940,83428,137,8
92959,83429,135,-1
92953,83447,129,-12
92975,83453,118,-25
92998,83470,103,-39
92986,83476,85,-54
93018,83456,66,-68
93007,83449,45,-82
93011,83438,25,-93
93018,83423,6,-101
93023,83442,-10,-106
93016,83450,-26,-110
93029,83460,-40,-113
92999,83464,-51,-117
92997,83474,-59,-121
93002,83482,-64,-126
93005,83475,-68,-131
92991,83463,-69,-137
92997,83443,-70,-140
92989,83433,-69,-142
93007,83426,-69,-141
92991,83415,-69,-138
93008,83423,-69,-134
92984,83422,-69,-129
92999,83439,-69,-124
93005,83418,-70,-121
93024,83419,-72,-118
92998,83419,-75,-115
93020,83407,-78,-113
93025,83425,-82,-111
93007,83420,-86,-110
92998,83423,-89,-109
93010,83435,-92,-109
93005,83438,-93,-111
93002,83442,-94,-113
92981,83430,-94,-116
92995,83444,-92,-119
93001,83432,-91,-121
93016,83447,-89,-123
93032,83436,-89,-125
93051,83438,-91,-126
93029,83451,-95,-126
93039,83459,-99,-127
93063,83453,-103,-128
93069,83447,-108,-129
93054,83445,-114,-129
93092,83439,-119,-128
93098,83431,-125,-126
93082,83438,-131,-123
93070,83410,-136,-119
93081,83410,-139,-114
93071,83406,-140,-107
93108,83411,-139,-100
93087,83429,-139,-94
93081,83431,-138,-89
93078,83411,-135,-85
93057,83419,-131,-82
93042,83389,-125,-78
93027,83392,-117,-74
92998,83368,-106,-69
92937,83356,-92,-63
92858,83337,-73,-55
92834,83323,-48,-45
92796,83298,-18,-34
92783,83297,13,-22
92806,83295,46,-10
92818,83291,74,1
92833,83270,97,11
92832,83295,113,21
92853,83288,121,28
92847,83310,123,32
92855,83322,120,33
92898,83334,113,31
92926,83345,100,25
92936,83361,83,17
92961,83380,62,6
92965,83370,40,-5
92976,83364,17,-17
92986,83370,-5,-28
92978,83364,-25,-37
92993,83375,-43,-45
93001,83331,-58,-50
93000,83305,-70,-52
93005,83291,-80,-49
92988,83311,-87,-43
93004,83315,-91,-35
93007,83326,-93,-28
93002,83319,-93,-22
93004,83346,-92,-17
93005,83342,-91,-15
92992,83342,-88,-15
92977,83328,-84,-16
92989,83327,-78,-17
92967,83305,-72,-17
92975,83324,-65,-17
92986,83322,-59,-17
92971,83325,-53,-16
93016,83328,-48,-16
93025,83346,-45,-17
93034,83342,-46,-18
93020,83361,-49,-21
93028,83361,-52,-25
93028,83394,-56,-30
93030,83383,-59,-36
93074,83402,-63,-43
93086,83396,-67,-50
93082,83408,-74,-58
93107,83418,-81,-64
93106,83448,-88,-71
93122,83452,-95,-78
93134,83461,-102,-86
93127,83460,-108,-93
93129,83467,-114,-100
93133,83478,-117,-105
93151,83478,-119,-110
93164,83482,-121,-113
93195,83506,-122,-116
93181,83501,-124,-118
93196,83528,-126,-120
93191,83545,-128,-122
93210,83541,-129,-125
93197,83552,-129,-128
93237,83573,-129,-131
93245,83570,-129,-134
93246,83565,-130,-136
93246,83592,-130,-138
93245,83600,-130,-139
93247,83601,-129,-140
93273,83599,-127,-140
93254,83589,-124,-139
93243,83576,-121,-136
93197,83569,-115,-131
93191,83529,-105,-123
93129,83480,-91,-111
93095,83465,-73,-93
93041,83433,-48,-72
93027,83431,-19,-48
92998,83416,12,-22
93010,83434,44,2
93021,83443,74,23
93029,83436,100,41
93015,83469,121,55
93063,83476,135,63
93037,83479,143,67
93067,83492,146,66
93082,83499,144,62
93090,83527,137,55
93093,83545,127,46
93121,83557,114,34
93140,83561,100,21
93166,83579,84,8
93146,83572,66,-4
93165,83564,50,-15
93138,83567,35,-24
93144,83576,23,-30
93225,83718,14,-36
93209,83729,4,-47
93245,83743,-6,-62
93253,83756,-17,-80
93286,83754,-29,-98
93301,83774,-42,-115
93319,83796,-55,-130
93309,83816,-68,-143
93345,83831,-79,-154
93328,83824,-90,-164
93349,83847,-98,-171
93345,83835,-104,-175
93343,83835,-109,-177
93315,83809,-110,-175
93345,83809,-108,-168
93328,83808,-104,-159
93322,83793,-98,-146
93281,83823,-89,-132
93294,83808,-78,-118
93283,83849,-64,-104
93295,83838,-51,-93
93311,83851,-38,-83
93329,83856,-27,-75
93355,83844,-20,-69
93367,83850,-16,-63
93369,83843,-16,-58
93395,83850,-18,-52
93396,83844,-23,-46
93414,83853,-29,-40
93407,83858,-36,-34
93412,83893,-42,-29
93424,83886,-48,-25
93453,83899,-53,-23
93452,83888,-58,-22
93473,83895,-63,-21
93471,83896,-67,-19
93490,83899,-71,-17
93495,83892,-74,-14
93485,83891,-77,-11
93481,83907,-78,-7
93508,83885,-77,-2
93509,83894,-76,3
93537,83886,-74,9
93552,83896,-73,15
93559,83900,-74,21
93582,83909,-75,27
93594,83901,-77,32
93569,83907,-80,36
93600,83923,-81,39
93584,83912,-82,42
93590,83919,-81,44
93586,83917,-79,46
93601,83926,-76,48
93587,83906,-71,49
93596,83900,-66,52
93569,83883,-59,55
93545,83861,-50,61
93460,83821,-37,70
93440,83805,-19,81
93364,83764,5,96
93342,83757,35,114
93301,83717,70,134
93257,83728,108,154
93245,83701,146,174
93265,83714,184,193
93230,83724,217,209
93259,83750,244,220
93263,83748,265,225
93303,83749,278,226
93319,83756,282,223
93352,83798,278,215
93364,83791,266,205
93387,83802,248,191
93394,83810,226,176
93424,83825,201,160
93432,83830,175,143
93454,83850,148,127
93459,83848,122,111
93461,83871,98,95
93497,83849,76,81
93494,83873,55,68
93471,83866,38,58
93491,83876,25,49
93500,83872,14,41
93505,83865,6,35
93510,83857,0,32
93512,83859,-3,30
93497,83838,-6,30
93494,83862,-7,32
93508,83848,-6,34
93480,83860,-3,37
93470,83858,0,39
93480,83871,5,40
93504,83864,10,40
93542,83867,14,40
93534,83861,15,39
93528,83886,13,38
93530,83865,11,36
93510,83889,8,33
93529,83902,6,30
93521,83895,5,25
93550,83908,3,20
93556,83920,1,15
93596,83904,-2,9
93621,83923,-8,4
93641,83931,-17,0
93605,83946,-27,-6
93617,83947,-37,-12
93613,83958,-45,-17
93610,83941,-50,-23
93615,83961,-54,-27
93629,83944,-56,-31
93654,83941,-57,-33
93660,83932,-58,-33
93670,83945,-60,-32
93675,83940,-62,-30
93692,83965,-65,-28
93673,83976,-67,-26
93708,83994,-70,-27
93679,83978,-71,-28
93688,83984,-72,-30
93664,83976,-71,-32
93672,83984,-67,-34
93663,83963,-62,-34
93647,83954,-56,-33
93600,83928,-47,-30
93556,83906,-34,-24
93519,83867,-16,-15
93455,83845,5,-2
93395,83796,33,14
93376,83792,66,34
93343,83773,102,56
93337,83740,138,78
93317,83755,172,100
93339,83770,202,119
93320,83773,227,134
93353,83803,245,144
93384,83810,255,148
93390,83819,256,146
93390,83819,250,139
93408,83842,239,130
93421,83829,224,117
93455,83843,204,104
93437,83844,182,90
93461,83868,160,76
93467,83854,137,62
93486,83882,115,49
93479,83870,94,36
93472,83913,75,24
93480,83890,59,13
93502,83885,46,3
93499,83880,34,-4
93511,83886,24,-10
93500,83863,15,-14
93491,83880,8,-15
93461,83869,4,-15
93452,83875,3,-14
93445,83855,5,-12
93431,83879,10,-9
93434,83868,16,-6
93413,83877,24,-4
93403,83870,32,-3
93398,83872,41,-2
93416,83872,49,-1
93425,83886,55,-1
93424,83897,58,-2
93429,83897,59,-4
93422,83892,57,-7
93418,83912,55,-11
93402,83914,52,-15
93423,83919,49,-20
93435,83928,45,-25
93446,83931,39,-30
93432,83921,33,-35
93455,83931,26,-39
93432,83930,19,-43
93481,83924,12,-45
93442,83922,5,-47
93466,83919,-2,-47
93457,83944,-8,-46
93472,83962,-14,-46
93442,83950,-19,-47
93464,83945,-23,-48
93453,83939,-25,-49
93474,83944,-27,-48
93470,83936,-29,-48
93505,83952,-32,-46
93493,83947,-36,-45
93489,83951,-40,-43
93489,83962,-44,-42
93486,83942,-47,-41
93482,83937,-50,-40
93443,83943,-50,-37
93410,83915,-48,-34
93361,83891,-40,-29
93275,83860,-27,-22
93235,83829,-7,-11
93198,83798,19,2
93174,83793,51,19
93127,83762,85,38
93665,83781,110,57
93652,83774,110,74
93664,83787,84,89
93676,83786,43,100
93679,83773,-7,107
93679,83776,-59,112
93699,83759,-108,114
93720,83758,-153,114
93716,83765,-191,113
93714,83766,-221,111
93719,83769,-243,108
93691,83764,-257,103
93678,83766,-262,98
93670,83749,-259,92
93631,83735,-249,88
93614,83705,-232,85
93599,83717,-210,84
93551,83682,-184,85
93504,83662,-155,89
93469,83634,-121,94
93389,83603,-84,102
93345,83585,-43,113
93291,83590,0,124
93266,83564,46,136
93218,83572,91,147
93187,83552,135,156
93188,83546,176,163
93199,83545,212,168
93202,83556,240,171
93215,83561,259,171
93246,83566,269,167
93230,83574,270,160
93268,83594,264,150
93266,83601,252,138
93282,83600,234,123
93281,83612,214,107
93299,83607,191,91
93286,83595,168,75
93298,83606,146,60
93305,83611,126,47
93286,83615,107,35
93295,83622,91,24
93296,83624,77,14
93272,83628,67,5
93284,83624,59,-3
93270,83608,53,-11
93267,83600,50,-16
93239,83611,49,-20
93233,83593,50,-22
93218,83581,52,-23
93211,83566,57,-23
93198,83581,62,-21
93203,83585,67,-18
93184,83592,73,-17
93173,83572,77,-16
93188,83556,82,-16
93191,83563,84,-15
93191,83565,84,-14
93209,83573,82,-14
93203,83565,78,-15
93210,83573,71,-17
93194,83546,64,-19
93202,83574,56,-21
93208,83568,48,-23
93201,83564,39,-26
93186,83562,32,-29
93218,83560,25,-32
93188,83546,18,-34
93208,83559,12,-36
93195,83565,7,-38
93220,83570,2,-40
93201,83568,-3,-42
93213,83575,-8,-45
93201,83568,-13,-49
93207,83577,-17,-52
93192,83565,-21,-55
93194,83577,-23,-58
93184,83569,-25,-61
93180,83586,-26,-63
93205,83597,-26,-66
93199,83585,-27,-69
93210,83593,-29,-72
93216,83593,-32,-75
93199,83596,-35,-78
93209,83590,-39,-80
93202,83582,-42,-82
93191,83578,-45,-82
93145,83560,-46,-81
93121,83522,-44,-78
93042,83491,-37,-72
93005,83487,-24,-61
92973,83481,-5,-49
92922,83461,18,-35
92896,83450,45,-21
92878,83441,74,-7
92882,83436,103,5
92863,83445,128,17
92866,83438,150,26
92880,83434,166,33
92870,83446,176,38
92892,83472,180,39
92901,83471,178,37
92909,83485,171,32
92929,83491,159,25
92918,83497,143,15
92939,83504,124,5
92942,83508,105,-6
92980,83495,84,-16
92998,83488,62,-26
92980,83500,39,-33
93010,83499,16,-39
93020,83500,-4,-44
93022,83506,-24,-47
93021,83504,-43,-50
93027,83502,-59,-52
93041,83491,-73,-53
93011,83508,-84,-53
93034,83494,-93,-53
92998,83500,-99,-52
93009,83491,-102,-51
92993,83494,-102,-49
92986,83491,-100,-48
92966,83495,-96,-46
92991,83493,-90,-44
92962,83502,-84,-43
92959,83494,-78,-42
92964,83476,-71,-42
92978,83492,-66,-40
92985,83494,-62,-39
92999,83505,-60,-38
93017,83476,-62,-38
93024,83493,-65,-38
93029,83501,-72,-37
93035,83494,-79,-37
93047,83488,-87,-37
93034,83469,-96,-37
93047,83495,-104,-36
93045,83478,-111,-34
93033,83494,-116,-33
93065,83484,-121,-32
93048,83469,-124,-31
93066,83484,-127,-29
93064,83487,-128,-28
93080,83497,-130,-27
93100,83484,-132,-27
93080,83490,-134,-27
93086,83490,-136,-28
93116,83485,-138,-28
93098,83482,-139,-28
93111,83479,-141,-28
93133,83480,-142,-27
93143,83490,-144,-26
93148,83493,-146,-25
93124,83502,-149,-25
93144,83482,-150,-26
93132,83511,-150,-27
93151,83498,-149,-28
93171,83499,-148,-29
93176,83493,-147,-30
93171,83486,-147,-30
93154,83480,-146,-30
93134,83468,-143,-28
93087,83445,-138,-25
93073,83423,-127,-19
93023,83412,-113,-11
92997,83403,-94,-1
92971,83362,-70,9
92960,83366,-45,22
92916,83341,-17,36
92905,83375,9,49
92873,83320,37,61
92886,83348,64,71
92888,83336,87,80
92893,83362,105,86
92906,83347,119,89
92936,83366,126,89
92935,83358,127,86
92914,83380,124,82
92949,83368,117,75
92960,83385,108,67
93001,83374,95,58
93012,83391,79,50
93046,83365,60,41
93052,83379,40,33
93070,83393,18,27
93061,83392,-2,20
93061,83392,-21,14
93055,83401,-37,8
93071,83393,-49,3
93061,83404,-58,-1
93057,83403,-64,-6
93119,83402,-68,-9
93100,83402,-72,-13
93111,83418,-75,-16
93081,83427,-78,-19
93076,83424,-79,-23
93067,83385,-77,-26
93058,83394,-72,-28
93061,83372,-66,-27
93092,83363,-59,-24
92664,83142,-47,-16
92666,83142,-17,1
92684,83156,27,29
92692,83159,79,59
92696,83180,129,88
92705,83180,174,112
92733,83196,210,131
92743,83192,236,143
92757,83211,250,148
92783,83208,254,148
92808,83214,248,143
92800,83237,235,133
92826,83238,215,121
92834,83228,191,106
92838,83253,166,90
92848,83245,139,74
92875,83260,113,58
92857,83267,88,43
92871,83277,66,28
92864,83294,46,14
92871,83283,29,1
92871,83273,15,-10
92881,83275,3,-20
92868,83273,-5,-27
92873,83268,-11,-32
92871,83252,-16,-36
92853,83252,-19,-36
92835,83250,-19,-35
92841,83249,-17,-33
92830,83251,-14,-31
92859,83273,-10,-29
92848,83264,-8,-28
92872,83287,-6,-28
92874,83276,-7,-30
92884,83290,-9,-33
92884,83283,-13,-37
92903,83286,-19,-42
92895,83265,-25,-45
92899,83274,-33,-48
92906,83274,-39,-50
92922,83287,-46,-51
92915,83283,-53,-53
92938,83312,-60,-55
92930,83300,-67,-57
92955,83300,-73,-60
92955,83297,-79,-63
92950,83300,-85,-66
92952,83285,-91,-67
92966,83301,-95,-68
92968,83293,-98,-68
92957,83299,-101,-67
92990,83292,-102,-67
92970,83297,-104,-66
92979,83296,-105,-64
93005,83304,-106,-63
92977,83300,-106,-62
92971,83300,-106,-61
92982,83301,-105,-60
93009,83307,-103,-60
92996,83293,-101,-59
93019,83323,-100,-58
93011,83294,-100,-58
93012,83326,-100,-58
93012,83302,-99,-58
92993,83307,-98,-57
92982,83287,-96,-56
92948,83271,-90,-54
92918,83269,-82,-50
92874,83244,-70,-44
92833,83214,-52,-36
92772,83213,-30,-25
92735,83164,-3,-13
92720,83152,27,1
92689,83140,60,17
92678,83143,92,34
92641,83135,123,49
92655,83152,151,62
92630,83146,175,73
92672,83152,193,79
92677,83172,205,82
92703,83180,210,82
92723,83196,207,77
92754,83226,197,69
92745,83232,181,58
92766,83231,161,44
92754,83250,139,29
92754,83239,118,14
92779,83238,97,0
92797,83265,77,-12
92809,83269,57,-23
92843,83265,38,-34
92859,83257,19,-42
92873,83284,0,-49
92891,83265,-19,-54
92871,83281,-36,-58
92868,83262,-52,-61
92855,83273,-63,-62
92859,83261,-71,-61
92856,83278,-75,-60
92846,83255,-77,-58
92869,83263,-76,-55
92851,83277,-74,-52
92872,83272,-71,-50
92847,83261,-68,-47
92852,83259,-64,-44
92849,83256,-60,-41
92856,83271,-56,-38
92820,83275,-52,-36
92836,83260,-47,-34
92846,83279,-42,-33
92867,83274,-39,-32
92896,83267,-37,-32
92886,83276,-39,-32
92916,83275,-43,-32
92904,83284,-49,-32
92918,83281,-56,-32
92920,83288,-63,-32
92933,83279,-70,-33
92936,83287,-76,-34
92954,83283,-83,-34
92949,83281,-89,-34
92950,83284,-94,-33
92947,83275,-98,-32
92972,83284,-101,-31
92964,83288,-103,-29
92974,83301,-104,-28
93005,83276,-105,-27
93014,83290,-107,-26
93007,83264,-109,-25
93028,83281,-112,-23
93032,83257,-115,-20
93011,83278,-117,-16
93008,83274,-118,-13
92992,83287,-116,-10
93007,83278,-113,-9
93041,83268,-108,-7
93014,83265,-104,-6
93036,83260,-99,-3
93025,83254,-95,-1
93008,83252,-91,1
93010,83240,-85,5
92948,83212,-78,9
92922,83217,-67,15
92844,83172,-51,22
92809,83158,-29,32
92770,83129,-2,43
92739,83114,29,57
92710,83100,63,71
92692,83113,98,86
92686,83097,131,99
92692,83110,160,110
92712,83131,185,117
92736,83124,201,121
92748,83118,210,121
92772,83152,211,119
92778,83143,204,113
92816,83192,192,104
92850,83183,174,92
92855,83205,151,78
92859,83189,126,63
92881,83222,100,47
92904,83218,74,32
92926,83251,49,17
92940,83233,24,3
92959,83234,1,-10
92968,83248,-20,-21
92978,83248,-39,-30
92998,83258,-56,-38
93016,83272,-72,-45
93018,83251,-85,-50
93025,83271,-96,-54
93009,83262,-105,-57
93000,83262,-110,-59
92992,83264,-112,-60
92995,83262,-110,-59
92976,83274,-105,-58
93003,83257,-99,-57
92973,83250,-91,-55
93007,83279,-82,-52
93009,83261,-75,-50
92994,83261,-68,-48
93022,83268,-63,-45
93046,83270,-59,-43
93024,83267,-58,-42
93028,83278,-58,-41
93030,83292,-58,-40
93043,83299,-58,-41
93033,83293,-58,-42
93086,83300,-59,-44
93066,83299,-61,-47
93124,83296,-65,-48
93115,83304,-70,-50
93130,83315,-77,-51
93130,83316,-84,-52
93125,83322,-90,-54
93134,83318,-96,-55
93138,83329,-99,-56
93145,83339,-101,-57
93152,83329,-102,-58
93149,83325,-102,-58
92726,83301,-94,-58
92751,83311,-66,-55
92753,83325,-22,-51
92758,83288,29,-47
92769,83302,82,-42
92768,83304,130,-36
92793,83308,171,-30
92804,83307,202,-25
92793,83335,222,-21
92807,83342,234,-19
92817,83340,238,-19
92824,83345,234,-20
92837,83350,225,-22
92845,83348,211,-25
92850,83359,194,-28
92865,83370,176,-31
92879,83372,156,-34
92917,83366,136,-37
92899,83366,114,-39
92887,83342,94,-40
92900,83354,77,-39
92912,83347,61,-37
92919,83371,48,-33
92924,83344,36,-30
92937,83350,26,-26
92935,83363,17,-22
92960,83374,9,-19
92937,83371,1,-16
92944,83380,-4,-15
92956,83367,-9,-14
92946,83415,-13,-14
92937,83395,-16,-16
92979,83413,-18,-18
92975,83378,-20,-21
93006,83391,-24,-22
93004,83367,-29,-22
92992,83371,-35,-20
93012,83373,-40,-17
93007,83400,-45,-13
92994,83396,-50,-10
93000,83416,-53,-8
93003,83413,-54,-8
93006,83400,-55,-8
93005,83404,-55,-8
92998,83377,-54,-8
92991,83364,-53,-6
92940,83368,-49,-1
92893,83321,-42,4
92823,83325,-29,12
92785,83298,-9,23
92735,83270,15,36
92669,83255,47,50
92633,83239,82,66
92614,83219,120,82
92583,83228,158,99
92583,83203,194,114
92594,83216,225,127
92589,83221,249,137
92608,83234,266,144
92620,83244,274,147
92637,83267,275,145
92672,83271,267,140
92686,83281,252,131
92694,83286,231,119
92718,83305,206,106
92718,83299,179,92
92739,83324,150,77
92756,83324,122,63
92753,83325,94,49
92770,83333,68,36
92787,83340,44,24
92796,83342,22,14
92784,83352,2,5
92806,83352,-14,-2
92792,83356,-28,-8
92781,83323,-40,-13
92762,83333,-47,-16
92778,83331,-51,-16
92758,83328,-52,-15
92755,83339,-51,-12
92755,83333,-48,-10
92721,83314,-44,-8
92720,83317,-38,-4
92708,83305,-30,0
92687,83311,-22,3
92679,83330,-13,7
92685,83319,-4,9
92704,83317,4,11
92712,83318,9,12
92696,83302,12,13
92713,83312,12,14
92730,83309,10,15
92745,83332,5,15
92734,83325,-1,14
92755,83323,-9,12
92744,83322,-19,10
92764,83322,-28,8
92758,83311,-38,6
92774,83323,-47,5
92745,83337,-55,3
92775,83323,-62,2
92764,83321,-68,0
92783,83325,-73,0
92776,83329,-77,-1
92798,83312,-81,-2
92793,83330,-84,-2
92803,83343,-88,-3
92794,83336,-91,-4
92793,83347,-94,-6
92801,83330,-95,-8
92820,83317,-97,-9
92824,83325,-98,-9
92852,83322,-101,-9
92825,83331,-104,-8
92837,83325,-107,-7
92800,83333,-108,-6
92804,83330,-108,-6
92795,83313,-105,-5
92799,83337,-100,-5
92803,83329,-95,-4
92800,83320,-89,-4
92795,83319,-83,-3
92776,83308,-77,-2
92722,83272,-69,0
92666,83248,-58,4
92581,83238,-40,11
92541,83214,-16,21
92467,83198,14,32
92416,83189,50,46
92370,83160,91,59
92356,83169,135,73
92365,83175,176,86
92391,83153,212,96
92390,83181,240,104
92398,83195,258,108
92433,83196,267,109
92429,83221,266,105
92440,83215,258,99
92461,83231,243,89
92489,83239,223,78
92498,83264,199,64
92506,83270,172,50
92526,83278,144,34
92543,83298,115,19
92542,83310,87,3
92562,83312,61,-11
92542,83293,37,-25
92591,83284,15,-36
92573,83290,-3,-44
92593,83293,-21,-49
92595,83278,-35,-51
92618,83271,-49,-52
92598,83296,-60,-50
92603,83283,-70,-48
92574,83284,-76,-45
92569,83262,-80,-42
92544,83283,-79,-38
92561,83297,-76,-35
92557,83285,-71,-33
92558,83293,-66,-31
92573,83289,-61,-31
92563,83297,-56,-31
92571,83287,-54,-31
92561,83290,-52,-31
92569,83280,-50,-31
92571,83291,-50,-31
92588,83280,-51,-31
92609,83289,-53,-30
92621,83296,-58,-29
92647,83294,-65,-29
92640,83294,-73,-29
92642,83300,-83,-30
92651,83296,-92,-30
92681,83288,-101,-31
92667,83317,-110,-31
92679,83298,-118,-32
92693,83304,-126,-32
92720,83292,-132,-33
92700,83276,-139,-32
92738,83268,-145,-30
92726,83274,-150,-26
92758,83267,-155,-22
92743,83272,-159,-18
92751,83279,-163,-13
92750,83284,-165,-10
92741,83280,-165,-8
92754,83279,-164,-6
92765,83278,-162,-6
92770,83278,-159,-5
92763,83284,-156,-5
92775,83268,-152,-5
92791,83296,-149,-5
92805,83274,-146,-6
92795,83294,-144,-6
92797,83262,-142,-7
92803,83266,-140,-7
92825,83281,-137,-6
92838,83290,-136,-5
92833,83264,-135,-5
92776,83253,-133,-4
92168,83155,-119,0
92151,83147,-74,7
92130,83135,-3,21
92137,83128,82,37
92102,83132,170,54
92115,83105,254,71
92135,83120,326,86
92153,83100,384,99
92166,83145,424,108
92165,83154,447,113
92179,83177,455,113
92207,83202,450,107
92216,83206,434,97
92260,83219,409,83
92263,83224,376,67
92274,83231,339,50
92291,83236,299,33
92294,83263,260,16
92308,83235,221,1
92334,83236,185,-11
92337,83249,151,-22
92317,83246,121,-30
92340,83246,95,-36
92362,83238,72,-40
92369,83246,51,-42
92339,83268,34,-43
92336,83238,20,-44
92330,83232,10,-43
92327,83221,3,-41
92319,83231,0,-37
92304,83233,-1,-33
92308,83220,-1,-29
92293,83211,0,-25
92309,83228,2,-21
92318,83236,4,-17
92312,83225,4,-15
92313,83228,3,-13
92317,83214,2,-12
92328,83219,-1,-11
92340,83226,-6,-10
92362,83232,-12,-10
92351,83242,-21,-10
92356,83253,-30,-12
92354,83233,-40,-15
92369,83233,-49,-17
92349,83239,-57,-19
92368,83244,-64,-21
92397,83252,-71,-23
92410,83231,-79,-25
92415,83230,-88,-25
92400,83235,-96,-25
92412,83224,-104,-24
92402,83230,-111,-23
92422,83241,-116,-21
92405,83230,-120,-20
92411,83239,-122,-18
92397,83223,-123,-17
92394,83247,-123,-16
92397,83237,-120,-16
92420,83253,-118,-16
92418,83252,-115,-17
92411,83260,-113,-18
92430,83256,-112,-21
92414,83239,-111,-23
92394,83244,-109,-24
92390,83247,-106,-24
92382,83222,-102,-23
92380,83226,-97,-22
92368,83218,-91,-18
92336,83210,-83,-14
92306,83179,-73,-9
92267,83155,-61,-2
92200,83118,-44,7
92132,83096,-22,20
92079,83084,5,36
91965,83090,39,52
91939,83054,80,68
91939,83062,124,83
91954,83063,166,97
91977,83080,203,107
91987,83090,230,114
92029,83112,247,116
92068,83120,252,113
92063,83137,246,106
92067,83153,231,95
92061,83196,211,81
92103,83186,188,63
92095,83214,162,44
92116,83202,134,25
92394,83214,103,6
92166,83203,64,-10
92196,83221,26,-24
92191,83221,-6,-36
92217,83233,-32,-46
92195,83231,-54,-54
92221,83240,-71,-60
92202,83233,-83,-65
92231,83231,-92,-68
92238,83212,-98,-69
92249,83225,-103,-68
92228,83204,-107,-65
92250,83228,-109,-61
92223,83212,-111,-57
92201,83229,-110,-52
92186,83211,-106,-48
92192,83225,-101,-45
92204,83194,-94,-41
92221,83203,-87,-37
92225,83174,-82,-32
92230,83185,-79,-27
92234,83174,-78,-21
92258,83183,-79,-15
92249,83201,-81,-10
92276,83214,-85,-6
92276,83221,-91,-6
92297,83218,-97,-7
92303,83205,-104,-10
92316,83220,-112,-13
92327,83194,-120,-15
92330,83215,-128,-17
92332,83215,-136,-18
92349,83234,-142,-20
92342,83240,-147,-23
92354,83217,-151,-25
92375,83218,-154,-27
92366,83252,-157,-29
92381,83223,-158,-31
92411,83213,-160,-31
92393,83201,-161,-31
92424,83241,-163,-29
92435,83238,-165,-27
92439,83249,-167,-27
92448,83243,-169,-27
92465,83256,-171,-28
92465,83247,-173,-30
92449,83256,-174,-31
92447,83249,-173,-33
92436,83257,-170,-34
92459,83249,-164,-35
92444,83257,-158,-35
92432,83239,-150,-34
92413,83244,-141,-33
92356,83203,-129,-30
92292,83180,-111,-25
92205,83150,-87,-16
92156,83135,-56,-4
92104,83114,-17,10
92098,83101,25,26
92077,83095,70,43
92098,83091,112,59
92084,83071,148,75
92074,83092,178,88
92086,83086,201,98
92072,83109,217,105
92085,83126,226,108
92153,83131,229,106
92174,83153,223,100
92202,83167,209,90
92255,83169,188,78
92265,83194,161,64
92263,83210,130,48
92255,83220,99,32
92252,83217,71,15
92269,83232,46,0
92296,83239,24,-14
92290,83246,5,-27
92320,83235,-10,-39
92331,83241,-24,-47
92324,83242,-36,-54
92321,83249,-46,-58
92329,83251,-53,-61
92341,83239,-58,-62
92321,83234,-62,-62
92355,83247,-63,-60
92324,83235,-64,-57
92334,83222,-63,-53
92303,83225,-60,-48
92281,83238,-55,-43
92266,83235,-48,-39
92267,83253,-37,-35
92268,83228,-26,-32
92306,83235,-15,-29
92317,83248,-7,-27
92320,83229,-3,-26
92303,83236,-1,-24
92331,83270,-1,-23
92321,83237,-2,-23
92333,83258,-5,-24
92329,83244,-8,-24
92337,83266,-12,-25
92323,83252,-16,-25
92328,83276,-19,-26
92355,83263,-21,-28
92365,83274,-24,-29
92377,83257,-28,-30
92379,83275,-32,-31
92377,83269,-37,-31
92376,83274,-41,-31
92381,83251,-45,-31
92399,83248,-48,-29
92705,83412,-55,-28
92702,83417,-76,-34
92689,83421,-108,-46
92690,83425,-144,-62
92674,83423,-178,-79
92687,83410,-209,-94
92698,83414,-233,-107
92724,83394,-251,-116
92742,83402,-265,-120
92740,83390,-273,-121
92709,83393,-277,-118
92721,83374,-275,-112
92713,83380,-268,-104
92707,83391,-257,-94
92671,83400,-242,-84
92646,83397,-222,-75
92597,83374,-198,-66
92546,83362,-169,-58
92464,83317,-135,-47
92426,83286,-94,-34
92361,83250,-48,-18
92337,83247,0,0
92289,83219,51,22
92296,83207,101,44
92252,83201,147,65
92264,83181,189,86
92255,83187,224,104
92260,83194,251,120
92269,83213,270,131
92294,83218,282,138
92307,83231,285,140
92320,83240,280,137
92337,83255,269,131
92366,83247,253,122
92365,83264,233,111
92367,83263,211,100
92350,83254,189,88
92377,83270,168,77
92376,83274,149,66
92396,83273,132,57
92413,83288,115,48
92412,83284,100,40
92410,83297,86,33
92420,83267,74,27
92423,83276,63,23
92409,83269,55,21
92385,83271,48,20
92386,83257,46,20
92370,83254,46,22
92349,83240,48,25
92339,83238,54,29
92352,83240,60,34
92339,83231,68,38
92342,83232,75,43
92343,83238,81,47
92339,83231,85,50
92354,83235,88,52
92367,83220,89,53
92370,83243,87,53
92357,83232,83,53
92354,83239,78,51
92379,83243,73,49
92387,83252,66,46
92413,83241,58,42
92402,83239,48,38
92422,83227,38,34
92415,83258,28,31
92431,83236,17,28
92403,83242,8,26
92409,83231,0,23
92396,83274,-4,21
92366,83276,-7,18
92343,83274,-6,13
92345,83282,-1,7
92334,83286,5,1
92355,83285,13,-4
92328,83274,21,-9
92356,83268,28,-13
92355,83257,34,-16
92385,83228,36,-16
92345,83238,36,-13
92349,83229,36,-9
92323,83247,35,-4
92315,83247,35,0
92312,83251,36,3
92317,83255,38,5
92267,83238,41,7
92258,83229,45,8
92180,83199,52,10
92132,83177,65,14
92057,83149,83,20
92004,83109,107,29
91941,83063,138,42
91908,83073,173,58
91871,83069,210,76
91843,83055,247,92
91871,83078,281,107
91884,83079,308,118
91906,83080,326,125
91921,83078,335,128
91914,83096,334,127
91933,83091,325,123
91925,83106,309,117
91953,83108,289,108
91955,83122,265,97
92000,83131,238,84
91994,83150,208,71
92019,83145,177,56
92014,83174,146,41
92014,83180,117,26
92034,83180,89,11
92046,83198,64,-2
92052,83180,40,-16
92041,83164,19,-27
92062,83183,1,-35
92052,83172,-14,-41
92053,83184,-28,-45
92072,83182,-39,-47
92038,83170,-49,-49
92039,83174,-56,-49
92017,83177,-60,-48
92006,83169,-61,-47
91997,83172,-59,-45
92002,83169,-56,-43
91991,83173,-52,-41
92004,83169,-48,-39
91979,83163,-44,-38
92025,83179,-42,-36
92019,83174,-41,-36
92025,83167,-43,-35
92046,83170,-48,-35
92035,83168,-54,-35
92068,83180,-62,-34
92047,83174,-71,-35
92067,83180,-81,-36
92063,83175,-90,-36
92095,83174,-100,-37
92107,83189,-110,-38
92114,83191,-121,-39
92116,83191,-131,-41
92101,83190,-141,-43
92106,83198,-148,-45
92108,83187,-154,-46
92127,83188,-158,-48
92115,83159,-161,-48
92125,83175,-163,-46
92136,83165,-164,-43
92153,83168,-164,-40
92168,83187,-166,-37
92161,83189,-168,-34
92170,83174,-170,-33
92181,83183,-173,-32
92173,83197,-175,-31
92183,83184,-176,-31
92174,83198,-177,-32
92181,83180,-176,-33
92188,83180,-175,-33
92200,83172,-173,-33
92154,83162,-171,-31
92147,83158,-166,-29
92087,83112,-158,-24
91986,83113,-144,-18
91918,83083,-121,-9
91850,83076,-89,1
91781,83053,-48,14
91758,83040,-1,27
91734,83037,47,41
91728,83043,96,54
91748,83070,139,65
91740,83054,175,72
91750,83056,202,76
91779,83083,220,77
91793,83073,227,75
91820,83095,225,70
91852,83085,214,63
91868,83121,195,55
91877,83076,171,45
91910,83113,143,35
91914,83119,113,26
91953,83119,82,16
91936,83140,52,7
91992,83150,22,-2
91976,83154,-5,-12
92010,83133,-30,-21
92007,83136,-53,-28
92016,83135,-73,-33
92010,83155,-90,-37
92020,83161,-103,-40
92013,83167,-113,-44
92018,83175,-119,-47
91967,83177,-121,-50
91981,83161,-120,-53
91961,83166,-114,-55
91960,83173,-106,-56
91951,83127,-97,-55
91970,83160,-86,-53
91956,83147,-76,-50
91948,83132,-67,-46
91940,83163,-58,-42
91968,83157,-51,-38
92409,83201,-52,-36
92343,83199,-74,-36
92335,83176,-113,-38
92304,83149,-157,-40
92259,83150,-199,-40
92163,83113,-233,-38
92130,83092,-252,-33
92079,83055,-256,-24
92037,83026,-246,-12
91989,83015,-224,3
91989,83000,-192,22
91961,82995,-154,40
91981,82986,-114,58
91966,83021,-75,74
91988,83024,-40,85
92018,83038,-12,92
92064,83032,7,94
92119,83073,16,92
92159,83079,15,85
92160,83097,5,75
92166,83075,-11,62
92179,83104,-31,48
92183,83101,-51,34
92168,83114,-71,20
92197,83135,-88,6
92209,83113,-102,-5
92221,83133,-114,-17
92252,83149,-124,-27
92276,83168,-133,-36
92282,83164,-142,-45
92267,83155,-149,-53
92246,83172,-154,-59
92260,83179,-154,-65
92237,83148,-152,-69
92233,83143,-146,-70
92206,83146,-136,-69
92203,83141,-124,-67
92199,83152,-109,-63
92212,83132,-93,-58
92195,83139,-77,-52
92210,83128,-62,-47
92200,83141,-49,-41
92222,83132,-37,-36
92228,83135,-28,-31
92239,83122,-21,-27
92258,83118,-18,-22
92257,83119,-17,-18
92267,83110,-18,-14
92274,83122,-20,-10
92267,83130,-23,-7
92282,83135,-26,-5
92291,83134,-29,-5
92322,83128,-33,-5
92321,83141,-37,-6
92341,83142,-41,-8
92324,83144,-46,-9
92350,83155,-50,-12
92335,83146,-53,-14
92331,83136,-55,-17
92333,83144,-54,-18
92352,83136,-53,-19
92358,83151,-50,-19
92372,83146,-48,-19
92377,83137,-46,-18
92389,83141,-45,-18
92404,83168,-45,-17
92383,83153,-45,-17
92384,83153,-44,-17
92382,83147,-42,-17
92385,83150,-39,-17
92393,83148,-35,-16
92399,83150,-31,-15
92400,83160,-27,-14
92413,83154,-23,-14
92393,83144,-19,-13
92362,83133,-15,-12
92318,83123,-7,-9
92244,83101,4,-5
92178,83075,23,0
92116,83048,50,8
92060,83029,84,20
92022,83004,124,33
92006,83000,167,49
91995,83004,210,64
91980,82993,249,79
91972,83013,284,91
91996,83018,311,99
91996,83008,331,105
92018,83032,342,107
92052,83062,344,105
92069,83059,337,99
92098,83068,323,89
92103,83078,301,78
92146,83101,276,65
92151,83097,246,51
92160,83100,215,36
92159,83120,184,22
92181,83117,155,9
92191,83143,127,-2
92213,83137,102,-14
92235,83146,79,-24
92248,83151,57,-34
92256,83155,37,-42
92284,83166,19,-48
92275,83145,2,-54
92263,83161,-12,-57
92256,83143,-23,-59
92251,83156,-30,-60
92235,83141,-34,-59
92256,83138,-34,-56
92255,83129,-33,-52
92292,83129,-31,-48
92282,83134,-31,-42
92268,83128,-31,-37
92233,83131,-30,-32
92240,83126,-27,-27
92232,83129,-23,-23
92245,83129,-18,-19
92246,83131,-13,-16
92304,83136,-10,-14
92299,83124,-10,-12
92321,83147,-14,-12
92324,83150,-20,-12
92364,83161,-28,-13
92344,83167,-38,-16
92360,83168,-49,-19
92348,83170,-59,-23
92368,83179,-68,-27
92159,83176,-72,-31
92395,83182,-69,-35
92425,83171,-67,-38
92425,83171,-70,-40
92424,83177,-77,-40
92418,83180,-85,-40
92440,83192,-93,-40
92429,83182,-100,-40
92444,83178,-107,-39
92441,83170,-112,-37
92455,83198,-116,-35
92436,83174,-118,-34
92461,83187,-118,-32
92464,83186,-117,-30
92481,83197,-116,-28
92456,83195,-114,-27
92462,83202,-112,-26
92458,83184,-108,-26
92462,83175,-103,-25
92450,83167,-97,-23
92428,83163,-89,-19
92386,83131,-80,-14
92337,83132,-66,-7
92246,83094,-47,1
92204,83070,-21,12
92153,83045,11,25
92109,83033,49,41
92062,83026,91,58
92043,83011,134,74
92048,83004,175,89
92039,83020,212,103
92048,83013,243,114
92065,83021,266,121
92076,83037,280,125
92113,83047,285,125
92119,83066,281,121
92144,83077,269,113
92180,83088,251,102
92177,83117,227,89
92181,83100,201,73
92198,83114,173,58
92233,83114,145,43
92224,83142,118,28
92231,83134,92,15
92255,83132,69,3
92275,83162,47,-7
92304,83164,27,-17
92303,83177,7,-26
92331,83179,-10,-35
92318,83160,-27,-42
92319,83163,-41,-47
92304,83157,-52,-50
92311,83168,-60,-51
92310,83146,-65,-51
92313,83143,-67,-49
92309,83131,-67,-45
92318,83152,-66,-39
92312,83145,-64,-34
92308,83148,-61,-29
92303,83158,-58,-25
92320,83141,-54,-22
92296,83138,-50,-19
92309,83146,-47,-17
92328,83143,-43,-14
92343,83162,-42,-13
92352,83163,-42,-12
92396,83173,-45,-13
92380,83173,-50,-15
92392,83180,-58,-18
92387,83168,-65,-21
92394,83173,-72,-24
92400,83185,-78,-26
92357,85043,-83,-59
92335,85054,-84,-172
92388,85060,-82,-360
92397,85097,-79,-583
92427,85104,-77,-810
92443,85115,-77,-1021
92454,85112,-79,-1200
92460,85126,-84,-1340
92491,85089,-89,-1436
92484,85087,-96,-1491
92496,85074,-103,-1506
92501,85084,-110,-1487
92518,85089,-116,-1442
92479,85095,-120,-1378
92490,85103,-122,-1300
92467,85109,-121,-1216
92474,85106,-117,-1128
92460,85119,-111,-1041
92450,85126,-102,-956
92459,85109,-92,-876
92485,85109,-81,-800
92462,85105,-71,-729
92514,85111,-63,-662
92509,85099,-58,-599
92561,85094,-56,-541
92576,85099,-57,-486
92594,85088,-63,-434
92591,85113,-71,-384
92605,85097,-80,-338
92620,85107,-89,-295
92624,85103,-98,-254
92611,85103,-105,-215
92622,85125,-111,-177
92614,85105,-113,-142
92643,85117,-114,-108
92624,85117,-113,-76
92632,85125,-110,-44
92630,85132,-106,-15
92634,85132,-101,12
92644,85135,-95,39
92655,85138,-88,65
92664,85126,-83,90
92669,85121,-78,114
92689,85105,-74,139
92695,85126,-72,164
92718,85117,-70,189
92708,85136,-70,212
92697,85135,-71,234
92712,85142,-70,253
92711,85130,-68,271
92709,85147,-66,287
92723,85130,-63,303
92745,85148,-60,317
92730,85133,-57,330
92732,85136,-54,343
92703,85122,-50,355
92660,85108,-43,368
92614,85100,-32,381
92532,85101,-15,395
92487,85075,9,409
92425,85068,41,423
92401,85042,79,438
92367,85043,120,454
92354,85025,161,469
92364,85029,200,484
92379,85017,234,498
92371,85049,261,509
92394,85035,280,517
92406,85049,290,522
92437,85050,293,524
92459,85044,287,524
92475,85044,274,521
92506,85053,255,517
92509,85060,231,511
92555,85066,205,504
92592,85046,176,496
92621,85046,145,489
92621,85045,113,482
92648,85065,82,475
92644,85068,53,468
92668,85048,26,460
92694,85068,3,452
92730,85073,-17,445
92748,85047,-37,437
92753,85060,-55,429
92757,85060,-72,422
92751,85041,-85,415
92738,85033,-94,410
92737,85034,-99,405
92732,85027,-100,401
92716,85041,-98,397
92701,85032,-91,393
92694,85032,-82,388
92690,85028,-70,382
92719,85043,-57,376
92725,85009,-46,369
92750,85028,-37,363
92765,85032,-31,355
92763,85026,-28,348
92778,85016,-28,340
92778,85019,-30,331
92766,85013,-33,324
92794,85016,-36,316
92775,85017,-39,308
92810,85037,-42,299
92815,85020,-45,290
92816,85044,-48,280
92805,85031,-51,269
92825,85053,-53,257
92821,85040,-54,246
92812,85054,-54,233
92814,85019,-53,222
92832,85015,-51,212
92845,85032,-49,203
92844,85015,-47,196
92855,85022,-46,189
92864,85048,-45,183
92839,85036,-44,176
92844,85041,-42,168
92840,85032,-40,160
92846,85045,-36,151
92838,85060,-32,143
92832,85042,-27,134
92806,85038,-20,125
92755,85021,-12,117
92713,85017,0,111
92661,84991,18,106
92591,84989,42,104
92536,84994,71,104
92480,84969,107,104
92455,84977,146,105
92438,84953,187,106
92447,84980,225,108
92448,84960,259,108
92484,84985,285,107
92483,84966,303,105
92510,84996,310,101
92536,84980,309,95
92548,84998,299,87
92558,84998,283,79
92592,85014,261,69
92601,85008,236,58
92625,85010,208,47
92627,85016,178,37
92682,85029,149,26
92655,85029,119,16
92696,85048,91,5
92696,85042,65,-4
92720,85063,41,-14
92716,85051,20,-23
92747,85069,0,-33
92728,85058,-15,-41
92735,85058,-29,-48
92727,85037,-39,-54
92736,85035,-47,-57
92716,85042,-51,-58
92717,85031,-52,-57
92688,85039,-51,-56
92681,85023,-46,-54
92666,85023,-39,-51
92664,85015,-29,-48
92651,85022,-19,-45
92684,85031,-9,-42
92681,85014,0,-39
92719,85026,5,-38
92717,85021,6,-36
92749,85009,5,-36
92746,85020,0,-35
92757,85031,-8,-35
92752,85032,-17,-36
92773,85018,-26,-37
92764,85020,-36,-39
92784,85012,-45,-40
92820,85018,-54,-41
92805,85024,-63,-41
92793,85035,-72,-42
92809,85013,-78,-43
92830,85025,-84,-44
92826,85044,-88,-45
92836,85026,-92,-47
92832,85031,-95,-48
92806,85020,-97,-50
92822,85033,-96,-50
92829,85013,-93,-50
92821,85014,-90,-50
92829,85030,-87,-49
92855,85027,-83,-48
92855,85025,-80,-47
92867,85041,-79,-47
92858,85036,-78,-47
92840,85026,-77,-48
92840,85039,-75,-48
92829,85034,-72,-49
92819,85026,-67,-49
92810,85023,-61,-49
92681,85007,-51,-48
92653,85003,-34,-45
92579,84973,-10,-41
92515,84971,21,-35
92505,84953,58,-27
92762,85025,94,-20
92790,85038,116,-15
92780,85038,122,-14
92796,85025,117,-16
92814,85049,103,-20
92835,85043,82,-25
92835,85040,59,-31
92848,85033,34,-36
92861,85048,9,-40
92841,85043,-12,-44
92854,85051,-31,-47
92848,85046,-46,-49
92852,85046,-56,-51
92844,85047,-63,-52
92854,85052,-67,-52
92875,85061,-68,-52
92874,85065,-68,-52
92886,85071,-67,-52
92849,85052,-65,-52
92870,85059,-62,-52
92893,85041,-59,-51
92898,85060,-56,-49
92909,85037,-55,-46
92899,85059,-54,-43
92871,85064,-53,-40
92873,85070,-51,-38
92864,85073,-47,-37
92867,85070,-42,-37
92855,85059,-36,-37
92831,85037,-28,-36
92789,85037,-19,-33
92722,85008,-6,-29
92643,85030,12,-23
92586,85016,39,-17
92527,85030,72,-10
92494,85001,110,-4
92480,85018,151,1
92486,85003,191,6
92498,85020,226,11
92541,85008,253,15
92553,85021,271,18
92571,85031,278,19
92576,85040,275,18
92607,85062,265,16
92604,85051,249,12
92614,85061,228,6
92644,85077,204,0
92674,85059,178,-5
92695,85080,150,-12
92732,85077,120,-17
92722,85072,90,-22
92728,85086,62,-26
92759,85129,35,-31
92760,85122,11,-36
92753,85112,-9,-41
92751,85125,-26,-46
92764,85132,-40,-51
92766,85136,-50,-55
92771,85134,-58,-58
92763,85116,-63,-61
92769,85118,-66,-61
92769,85133,-67,-60
92756,85135,-67,-58
92760,85108,-65,-55
92758,85112,-62,-51
92723,85093,-58,-46
92757,85089,-53,-39
92768,85113,-48,-32
92745,85102,-44,-25
92769,85084,-41,-19
92790,85102,-39,-12
92793,85103,-40,-7
92835,85111,-43,-3
92848,85095,-49,0
92847,85090,-57,2
92854,85084,-67,5
92877,85073,-77,8
92878,85069,-87,11
92891,85076,-97,16
92879,85055,-106,20
92887,85082,-113,24
92894,85066,-118,28
92903,85084,-122,30
92900,85087,-124,32
92886,85098,-124,32
92879,85074,-122,30
92886,85089,-118,29
92883,85096,-113,27
92896,85082,-107,25
92864,85099,-100,23
92884,85091,-92,21
92908,85100,-85,19
92908,85107,-79,17
92905,85096,-75,14
92916,85112,-72,12
92898,85131,-70,10
92885,85135,-67,6
92858,85142,-62,2
92875,85142,-56,-2
92843,85139,-48,-7
92816,85128,-39,-11
92790,85127,-27,-13
92728,85124,-11,-14
92672,85104,8,-14
92629,85091,33,-11
92568,85081,63,-6
92531,85074,97,0
92505,85070,134,8
92488,85068,170,16
92494,85075,205,25
92492,85099,234,31
92503,85086,257,36
92513,85095,272,38
92532,85106,280,39
92564,85111,279,37
92588,85118,270,34
92607,85133,254,29
92614,85132,232,23
92612,85126,208,17
92636,85148,181,10
92649,85160,154,3
92654,85154,128,-3
92685,85181,102,-10
92689,85168,77,-17
92694,85202,54,-24
92702,85197,34,-31
92703,85202,15,-37
92685,85194,0,-43
92684,85211,-10,-48
92679,85195,-18,-51
92673,85213,-22,-54
92665,85202,-24,-55
92684,85204,-23,-55
92655,85197,-21,-53
92661,85191,-18,-51
92639,85196,-14,-47
92628,85181,-9,-42
92642,85193,-3,-37
92667,85204,1,-32
92661,85177,4,-27
92677,85172,4,-22
92681,85174,3,-16
92713,85174,0,-11
92717,85154,-7,-5
92732,85188,-16,0
92704,85187,-26,4
92670,85169,-34,7
92708,85183,-40,9
92697,85178,-45,11
92714,85187,-48,12
92736,85183,-52,12
92754,85186,-56,12
92781,85195,-62,11
92759,85187,-69,10
92759,85187,-76,9
92758,85173,-82,9
92775,85185,-86,9
92764,85172,-90,10
92762,85174,-93,11
92770,85162,-94,14
92788,85184,-94,16
92798,85169,-94,18
92790,85162,-95,20
92801,85173,-96,23
92795,85178,-97,24
92811,85159,-97,26
92806,85170,-97,27
92807,85146,-97,29
92808,85177,-96,30
92795,85170,-95,31
92763,85167,-92,32
92746,85156,-86,32
92692,85146,-76,32
92652,85149,-62,33
92573,85134,-42,35
92533,85133,-16,38
92492,85109,15,41
92460,85098,50,46
92449,85081,87,52
92425,85079,123,59
92428,85095,156,66
92422,85127,184,72
92428,85136,206,74
92448,85116,221,73
92471,85117,229,70
92482,85130,228,67
92517,85149,220,62
92538,85149,206,55
92537,85144,186,47
92548,85152,162,40
92559,85141,137,32
92579,85146,112,26
92569,85159,87,20
92595,85161,64,15
92616,85175,43,10
92626,85160,22,5
92650,85164,2,1
92657,85159,-15,-1
92668,85179,-32,-4
92656,85143,-48,-6
92713,85160,-61,-7
92709,85178,-74,-7
92731,85168,-87,-7
92751,85178,-99,-8
92733,85178,-110,-9
92743,85190,-120,-11
92720,85194,-127,-13
92690,85194,-131,-15
92653,85197,-129,-18
92602,85217,-121,-21
92550,85207,-107,-25
92501,85188,-85,-28
92471,85190,-57,-30
92444,85185,-25,-30
92423,85155,9,-29
92408,85168,43,-26
92394,85142,75,-20
92375,85193,104,-15
92394,85159,128,-10
92388,85189,147,-6
92398,85197,160,-3
92414,85216,166,-3
92441,85220,166,-6
92485,85230,159,-10
92499,85231,145,-16
92546,85239,125,-22
92541,85229,101,-28
92563,85264,73,-34
92577,85243,45,-40
92573,85254,17,-45
92595,85257,-8,-50
92604,85272,-31,-53
92606,85281,-52,-57
92633,85263,-70,-60
92603,85269,-85,-62
92632,85274,-96,-62
92636,85270,-105,-62
92623,85309,-112,-62
92643,85293,-116,-62
92655,85297,-119,-62
92647,85274,-120,-62
92641,85292,-121,-61
92619,85271,-120,-58
92616,85298,-116,-55
92618,85272,-111,-52
92612,85295,-104,-48
92604,85286,-97,-44
92633,85311,-89,-41
92620,85294,-83,-39
92661,85297,-78,-37
92640,85290,-75,-35
92651,85300,-74,-33
92648,85286,-74,-30
92647,85292,-74,-28
92682,85281,-75,-24
92684,85282,-77,-21
92700,85276,-81,-17
92728,85282,-86,-12
92730,85288,-92,-8
92754,85276,-100,-4
92757,85276,-108,-1
92763,85267,-116,2
92762,85263,-124,6
92778,85280,-130,10
92779,85257,-135,14
92798,85294,-138,17
92783,85264,-141,19
92775,85298,-142,20
92764,85285,-140,20
92779,85295,-136,19
92760,85286,-130,18
92791,85280,-122,17
92806,85282,-115,16
92820,85290,-110,16
92811,85279,-106,16
92803,85282,-103,16
92809,85283,-99,17
92816,85286,-95,17
92823,85285,-92,18
92809,85291,-89,19
92828,85286,-85,19
92819,85286,-81,20
92803,85270,-77,20
92788,85272,-71,22
92758,85271,-63,24
92709,85273,-52,26
92646,85266,-36,28
92611,85234,-14,31
92539,85236,13,35
92536,85210,45,41
92489,85215,81,47
92495,85207,117,55
92468,85210,151,62
92469,85226,182,68
92467,85222,208,72
92475,85221,228,75
92491,85230,242,75
92499,85239,248,74
92527,85230,248,72
92558,85241,241,68
92581,85247,227,63
92585,85242,208,57
92590,85260,186,52
92595,85270,163,45
92601,85280,139,38
92611,85289,117,30
92623,85302,97,21
92648,85310,78,12
92652,85302,60,3
92676,85306,43,-4
92661,85307,27,-11
92638,85323,14,-17
92623,85310,5,-22
92615,85323,0,-26
92621,85325,0,-29
92616,85334,0,-32
92630,85335,3,-34
92616,85317,6,-36
92619,85322,10,-36
92627,85337,13,-36
92609,85304,16,-35
92603,85327,19,-32
92606,85330,22,-30
92592,85334,24,-28
92601,85326,27,-26
92607,85319,29,-24
92625,85319,30,-22
92653,85329,28,-20
92683,85321,24,-18
92703,85318,15,-16
92712,85307,3,-13
92710,85325,-9,-10
92720,85302,-23,-8
92726,85311,-37,-5
92728,85313,-49,-2
92734,85282,-60,0
92725,85301,-69,3
92736,85286,-75,7
92750,85286,-80,11
92748,85302,-83,15
92761,85320,-86,17
92734,85339,-87,17
92747,85313,-87,15
92747,85321,-85,13
92760,85314,-83,10
92786,85302,-81,8
92779,85299,-80,7
92818,85292,-80,7
92796,85285,-82,8
92814,85305,-84,10
92809,85301,-87,12
92805,85296,-89,14
92780,85304,-89,15
92799,85317,-88,16
92773,85298,-85,16
92779,85307,-80,15
92758,85294,-74,15
92722,85283,-65,15
92689,85273,-53,16
92645,85275,-37,19
92598,85263,-17,22
92518,85265,7,25
92505,85236,37,30
92497,85232,70,35
92478,85220,104,41
92443,85228,135,48
92471,85246,163,54
92477,85256,187,57
92498,85255,203,59
92512,85244,212,58
92539,85246,213,56
92570,85250,206,54
92584,85272,193,50
92587,85273,174,46
92610,85276,152,40
92618,85275,129,33
92619,85272,104,27
92633,85292,81,20
92657,85304,59,14
92673,85296,37,7
92666,85291,18,1
92697,85310,0,-4
92690,85288,-15,-9
92716,85313,-29,-13
92682,85296,-41,-16
92691,85310,-51,-19
92681,85304,-56,-21
92677,85291,-59,-22
92662,85312,-59,-22
92670,85312,-56,-22
92640,85312,-51,-22
92650,85327,-45,-23
92634,85300,-37,-24
92642,85328,-28,-24
92618,85303,-20,-25
92631,85330,-12,-25
92627,85332,-4,-25
92629,85334,1,-27
92637,85320,6,-28
92636,85334,9,-29
92557,85332,12,-30
92506,85329,18,-30
92465,85335,29,-31
92455,85328,44,-31
92419,85342,63,-31
92446,85344,84,-31
92428,85331,103,-31
92459,85318,119,-30
92476,85309,131,-28
92473,85310,137,-25
92510,85302,137,-21
92491,85293,132,-16
92508,85339,123,-11
92515,85336,111,-7
92530,85350,97,-6
92553,85348,82,-7
92573,85352,65,-10
92590,85348,46,-13
92619,85365,26,-16
92613,85355,6,-20
92630,85370,-13,-24
92610,85403,-31,-28
92621,85388,-47,-33
92633,85395,-59,-38
92637,85399,-70,-43
92615,85408,-77,-47
92635,85409,-82,-51
92642,85388,-85,-54
92626,85394,-87,-55
92622,85400,-87,-55
92619,85419,-85,-54
92594,85400,-81,-53
92594,85422,-76,-52
92584,85405,-68,-50
92591,85401,-61,-48
92574,85403,-52,-45
92589,85404,-44,-42
92588,85392,-37,-38
92609,85397,-32,-34
92603,85408,-29,-29
92632,85390,-28,-25
92623,85393,-29,-21
92634,85400,-32,-17
92637,85394,-36,-13
92643,85378,-41,-10
92655,85403,-47,-6
92662,85408,-53,-3
92684,85387,-59,-1
92680,85419,-66,0
92696,85383,-72,0
92705,85402,-79,1
92694,85394,-85,3
92693,85400,-90,4
92698,85406,-94,5
92718,85394,-96,5
92706,85388,-97,6
92710,85385,-97,8
92720,85375,-97,11
92728,85378,-96,14
92739,85373,-95,17
92744,85376,-95,21
92732,85367,-94,25
92727,85388,-93,28
92720,85373,-91,30
92736,85383,-87,32
92740,85388,-84,33
92748,85376,-80,33
92767,85363,-78,33
92764,85372,-76,33
92757,85354,-75,34
92770,85368,-74,36
92770,85363,-73,37
92757,85369,-72,38
92774,85396,-70,38
92754,85369,-68,37
92752,85360,-65,36
92730,85361,-60,36
92675,85348,-53,36
92644,85345,-41,37
92599,85319,-24,39
92560,85322,-3,43
92533,85313,22,47
92510,85299,50,53
92479,85279,79,59
92457,85300,109,66
92431,85284,138,72
92458,85301,164,77
92438,85292,186,80
92462,85306,203,82
92464,85304,214,82
92489,85321,218,80
92506,85322,216,76
92514,85336,208,70
92533,85328,195,62
92548,85329,179,55
92566,85324,159,47
92553,85337,138,40
92570,85331,117,34
92583,85337,97,28
92586,85325,77,23
92608,85331,59,19
92613,85321,43,16
92620,85333,27,14
92660,85310,13,13
92669,85318,-1,13
92646,85322,-15,13
92645,85345,-26,13
92656,85332,-35,12
92623,85334,-42,11
92605,85329,-44,9
92601,85323,-43,8
92592,85328,-38,6
92573,85317,-31,6
92579,85324,-22,5
92577,85335,-13,5
92595,85332,-4,4
92580,85349,3,2
92592,85351,8,0
92592,85353,12,-3
92617,85353,14,-6
92601,85354,14,-10
92607,85360,11,-14
92608,85349,8,-18
92615,85327,5,-20
92623,85330,0,-20
92636,85298,-4,-19
92634,85306,-9,-15
92631,85274,-15,-10
92665,85264,-21,-2
92677,85258,-28,6
92675,85257,-35,16
92670,85252,-43,26
92687,85250,-49,34
92670,85227,-55,42
92681,85205,-60,50
92702,85197,-63,57
92657,85185,-66,65
92655,85191,-66,73
92632,85197,-64,79
92625,85195,-58,83
92629,85203,-50,85
92614,85183,-41,85
92648,85167,-32,84
92644,85152,-25,84
92683,85153,-19,84
92681,85142,-17,84
92698,85132,-18,85
92666,85117,-21,86
92643,85136,-24,87
92646,85123,-25,88
92613,85126,-24,88
92614,85108,-21,88
92603,85082,-15,87
92585,85044,-8,88
92578,85029,0,92
92517,85016,11,97
92485,85004,25,104
92454,85000,42,112
92436,84994,62,119
92415,84977,84,125
92441,84958,105,130
92447,84948,122,135
92508,84949,135,139
92535,84921,140,142
92583,84924,136,144
92576,84922,124,145
92575,84941,107,144
92579,84931,87,141
92563,84932,67,136
92580,84934,48,129
92604,84928,31,121
92636,84945,14,111
92658,84938,-1,101
92668,84930,-19,90
92714,84949,-36,79
92702,84942,-54,68
92727,84955,-71,57
92723,84954,-86,46
92696,84968,-99,34
92675,84964,-108,23
92700,84930,-112,12
92695,84930,-113,4
92710,84939,-111,-2
92701,84925,-108,-6
92727,84918,-105,-10
92709,84949,-101,-12
92699,84936,-97,-15
92652,84935,-91,-19
92612,84916,-82,-22
92607,84903,-69,-24
92604,84905,-53,-25
92635,84903,-37,-25
92656,84879,-22,-25
92663,84876,-12,-23
92671,84882,-6,-21
92693,84882,-3,-20
92671,84885,-4,-19
92659,84862,-6,-19
92663,84859,-9,-18
92685,84828,-11,-17
91850,85919,0,-33
91869,85860,45,-94
91875,85867,124,-197
91883,85868,217,-318
91874,85864,312,-442
91879,85858,399,-555
91869,85847,473,-651
91888,85828,530,-724
91889,85815,569,-773
91904,85805,590,-799
91914,85816,595,-804
91925,85800,586,-792
91904,85828,565,-767
91946,85788,536,-733
91952,85778,501,-691
91962,85739,461,-645
92001,85693,418,-593
92021,85639,374,-538
92053,85589,328,-479
92078,85552,281,-416
92089,85527,235,-353
92064,85499,191,-290
92051,85500,151,-230
92042,85507,118,-175
92023,85523,92,-127
92027,85507,72,-87
92020,85510,57,-55
92029,85472,46,-29
92074,85457,37,-7
92114,85409,27,12
92120,85411,14,32
92151,85384,-1,51
92163,85388,-20,70
92177,85378,-41,88
92193,85393,-62,104
92199,85377,-85,117
92210,85393,-106,129
92241,85374,-127,138
92286,85356,-148,145
92293,85314,-169,152
92334,85290,-191,161
92369,85262,-213,173
92381,85227,-236,187
92372,85210,-257,203
92374,85207,-276,220
92431,85187,-293,237
92409,85176,-307,254
92451,85162,-319,269
92462,85145,-329,282
92478,85122,-338,294
92449,85117,-344,304
92481,85125,-348,312
92469,85133,-349,318
92484,85151,-348,319
92469,85137,-345,316
92458,85141,-339,310
92467,85139,-331,302
92434,85106,-320,293
92413,85091,-307,284
92393,85047,-290,277
92356,85061,-270,273
92281,85014,-246,272
92238,85005,-216,272
92197,84956,-182,276
92173,84929,-143,282
92142,84872,-103,291
92118,84850,-63,303
92122,84824,-25,318
92113,84832,9,333
92140,84823,38,345
92142,84856,60,354
92152,84869,75,358
92165,84905,82,354
92196,84900,83,343
92166,84915,78,326
92185,84917,70,304
92195,84907,59,281
92186,84921,47,256
92206,84919,35,231
92198,84915,23,207
92215,84967,11,183
92200,84967,1,159
92200,84999,-7,135
92193,84968,-14,111
92192,84975,-18,89
92224,84971,-21,69
92213,84939,-24,52
92223,84929,-26,40
92232,84917,-29,32
92229,84858,-31,28
92235,84853,-34,29
92240,84836,-37,35
92250,84813,-39,43
92240,84813,-42,53
92216,84820,-44,63
92204,84824,-44,71
92183,84816,-41,76
92178,84815,-36,79
92183,84813,-29,79
92173,84807,-21,77
92198,84793,-13,73
92231,84787,-8,68
92256,84807,-6,62
92230,84780,-7,56
92240,84811,-11,48
92241,84793,-15,40
92211,84814,-20,31
92192,84821,-23,21
92200,84826,-23,10
92207,84803,-22,0
92213,84814,-20,-11
92209,84806,-18,-21
92215,84802,-16,-30
92219,84785,-14,-37
92219,84782,-14,-42
92213,84803,-13,-46
92200,84799,-12,-49
92200,84792,-11,-53
92214,84799,-10,-56
92196,84785,-8,-60
92220,84766,-7,-62
92234,84752,-6,-63
92222,84744,-7,-63
92189,84712,-8,-60
92145,84691,-7,-55
92090,84671,-2,-48
92069,84644,8,-39
91994,84603,24,-27
91983,84590,46,-14
91940,84555,72,1
91905,84547,100,17
91875,84539,129,33
91907,84528,158,48
91896,84539,183,60
91916,84559,202,68
91912,84585,215,71
91936,84586,221,69
91951,84584,220,61
91943,84581,213,51
91966,84587,201,38
91985,84601,186,24
91985,84594,167,10
91983,84608,146,-4
92006,84602,126,-18
92020,84577,105,-31
91998,84575,84,-42
92043,84579,65,-50
92046,84583,47,-56
92052,84582,29,-60
92061,84584,12,-64
92061,84601,-2,-68
92073,84601,-15,-72
92081,84611,-27,-77
92069,84598,-38,-82
92093,84566,-46,-86
92054,84550,-54,-88
92050,84568,-58,-88
92053,84563,-59,-87
92057,84570,-59,-85
92045,84586,-57,-84
92034,84596,-55,-85
92015,84615,-50,-87
92028,84608,-45,-91
91998,84607,-39,-97
91986,84593,-32,-102
92017,84587,-25,-107
92024,84579,-19,-110
92053,84563,-16,-111
92051,84568,-16,-110
92101,84577,-19,-108
92090,84607,-27,-106
92095,84608,-37,-106
92099,84631,-48,-107
92097,84618,-58,-110
92086,84606,-68,-114
92121,84605,-76,-117
92124,84565,-84,-119
92121,84576,-91,-118
92135,84560,-97,-115
92157,84569,-103,-110
92146,84573,-108,-104
92155,84592,-113,-99
92136,84579,-116,-95
92115,84594,-118,-93
92104,84578,-116,-91
92105,84566,-111,-89
92063,84536,-103,-87
92063,84521,-93,-82
92023,84477,-80,-75
91994,84460,-64,-64
91964,84432,-46,-50
91917,84431,-24,-34
91899,84406,0,-17
91906,84409,24,0
91884,84377,48,15
91902,84398,69,30
91889,84394,87,43
91918,84414,100,52
91929,84412,107,56
91981,84424,109,58
92140,84391,100,56
92157,84390,80,53
92152,84402,49,49
92148,84398,14,44
92155,84421,-21,39
92152,84427,-54,32
92146,84443,-82,24
92146,84437,-105,15
92131,84454,-121,5
92152,84436,-132,-4
92138,84405,-137,-13
92131,84382,-138,-18
92118,84359,-135,-20
92092,84353,-128,-17
92094,84346,-117,-12
92036,84327,-103,-4
92021,84315,-86,4
92005,84302,-66,14
92003,84290,-44,25
91974,84301,-22,35
91966,84306,-1,43
91998,84287,17,49
92013,84297,33,54
92021,84301,43,56
92039,84313,49,55
92062,84300,48,52
92063,84306,44,48
92067,84318,36,42
92056,84317,26,35
92059,84310,16,28
92068,84332,6,20
92087,84316,-2,12
92098,84341,-11,3
92114,84323,-20,-4
92120,84361,-29,-12
92146,84349,-38,-20
92132,84340,-47,-28
92166,84329,-56,-35
92146,84319,-64,-40
92128,84295,-71,-42
92149,84296,-75,-42
92122,84290,-77,-39
92146,84303,-76,-36
92126,84293,-74,-32
92135,84297,-70,-28
92116,84301,-66,-25
92139,84298,-60,-23
92136,84292,-55,-22
92150,84302,-50,-22
92138,84292,-46,-22
92141,84305,-43,-23
92127,84301,-40,-25
92147,84324,-36,-27
92149,84329,-34,-31
92147,84316,-32,-36
92160,84319,-30,-41
92182,84301,-30,-45
92189,84316,-32,-48
92193,84331,-35,-51
92196,84310,-38,-54
92225,84292,-43,-55
92213,84310,-48,-55
92223,84335,-53,-55
92213,84341,-57,-56
92225,84358,-60,-58
92214,84352,-62,-62
92221,84366,-63,-67
92219,84363,-62,-72
92208,84359,-60,-77
92206,84336,-56,-81
92221,84329,-52,-82
92234,84332,-47,-82
92214,84333,-43,-80
92243,84337,-40,-76
92235,84329,-37,-73
92235,84324,-34,-69
92219,84339,-32,-65
92211,84344,-29,-61
92193,84342,-24,-58
92166,84343,-18,-57
92151,84345,-9,-55
92142,84319,1,-54
92095,84326,15,-52
92069,84313,31,-50
92066,84306,49,-46
92036,84293,68,-42
92046,84282,87,-36
92039,84278,105,-29
92049,84286,120,-22
92059,84288,132,-15
92070,84263,139,-9
92070,84260,142,-3
92094,84245,140,2
92097,84271,135,7
92108,84272,127,12
92115,84277,116,14
92136,84281,104,15
92147,84271,90,14
92167,84282,75,12
92179,84275,60,10
92166,84277,44,8
92156,84286,30,5
92159,84285,18,2
92155,84292,10,-1
92172,84281,4,-4
92170,84280,0,-7
92203,84273,-4,-8
92164,84258,-7,-9
92159,84252,-9,-8
92141,84247,-9,-6
92138,84245,-6,-2
92140,84242,-2,1
92146,84238,3,5
92154,84231,7,9
92164,84241,11,13
92159,84227,14,17
92156,84235,15,20
92151,84225,16,22
92141,84216,16,24
92142,84202,17,26
92153,84225,18,28
92059,84201,20,29
92154,84203,24,31
92174,84232,26,32
92159,84231,26,31
92163,84230,24,29
92177,84242,21,25
92163,84237,16,21
92172,84214,12,16
92166,84206,7,13
92158,84186,4,11
92160,84193,1,11
92132,84189,0,13
92139,84194,0,16
92145,84176,2,18
92143,84208,5,21
92154,84204,7,22
92171,84195,9,22
92164,84211,9,21
92156,84190,8,19
92144,84176,7,17
92152,84177,7,17
92142,84174,7,17
92132,84172,8,17
92113,84193,10,18
92124,84180,13,17
92111,84178,17,16
92097,84166,21,16
92088,84152,26,15
92069,84175,32,16
92053,84130,39,17
92033,84116,47,19
92024,84102,57,23
92028,84100,66,29
92032,84070,75,36
92015,84085,82,43
92030,84051,88,51
92048,84066,91,59
92025,84073,91,65
92026,84092,90,70
92014,84077,88,71
92025,84107,86,70
92024,84095,82,66
92025,84117,78,60
92046,84101,73,52
92054,84098,67,43
92067,84091,59,35
92083,84092,50,28
